<?xml version="1.0" encoding="UTF-8"?>
<project-private xmlns="http://www.netbeans.org/ns/project-private/1">
    <editor-bookmarks xmlns="http://www.netbeans.org/ns/editor-bookmarks/2" lastBookmarkId="0"/>
    <open-files xmlns="http://www.netbeans.org/ns/projectui-open-files/2">
        <group>
            <file>file:/C:/202444085_Assemble/202444085_JAVA_PROGRAMMING/Java_Team_Project_Source/Java_Team_Project_Source/src/DB/DB_MAN.java</file>
            <file>file:/C:/202444085_Assemble/202444085_JAVA_PROGRAMMING/Java_Team_Project_Source/Java_Team_Project_Source/src/GUI/LoginFrame.java</file>
            <file>file:/C:/202444085_Assemble/202444085_JAVA_PROGRAMMING/Java_Team_Project_Source/Java_Team_Project_Source/src/GUI/SubjectDialog.java</file>
            <file>file:/C:/202444085_Assemble/202444085_JAVA_PROGRAMMING/Java_Team_Project_Source/Java_Team_Project_Source/src/GUI/RegisterDialog.java</file>
            <file>file:/C:/202444085_Assemble/202444085_JAVA_PROGRAMMING/Java_Team_Project_Source/Java_Team_Project_Source/src/GUI/MainFrame.java</file>
            <file>file:/C:/202444085_Assemble/202444085_JAVA_PROGRAMMING/Java_Team_Project_Source/Java_Team_Project_Source/src/GUI/TodoDialog.java</file>
        </group>
    </open-files>
</project-private>
