-- ============================================
-- 학과 연동 플래너 더미 데이터
-- ============================================

USE scalable_todo_db;

-- ============================================
-- 1. 반 정보 (스키마 파일에서 이미 삽입됨 - 여기서는 실행하지 않음)
-- ============================================
-- INSERT IGNORE INTO class_info (class_name) VALUES ('A반'), ('B반'), ('C반');

-- ============================================
-- 2. 교수 정보 삽입
-- ============================================
INSERT INTO professor (name, email, office_location) VALUES
('김교수', 'kim.prof@university.ac.kr', '공학관 301호'),
('이교수', 'lee.prof@university.ac.kr', '공학관 302호'),
('박교수', 'park.prof@university.ac.kr', '공학관 303호'),
('최교수', 'choi.prof@university.ac.kr', '공학관 304호'),
('정교수', 'jung.prof@university.ac.kr', '공학관 305호'),
('강교수', 'kang.prof@university.ac.kr', '공학관 306호'),
('윤교수', 'yoon.prof@university.ac.kr', '공학관 307호');

-- ============================================
-- 3. 과목 정보 삽입 (컴퓨터정보공학과 2-2 기본 7개 과목)
-- ============================================
INSERT INTO subject (subject_name, credits) VALUES
('자바 프로그래밍', 3),
('데이터베이스', 3),
('웹 프로그래밍', 3),
('운영체제', 3),
('컴퓨터 네트워크', 3),
('소프트웨어 공학', 3),
('알고리즘', 3);

-- ============================================
-- 4. 강의(개설 강좌) 정보 삽입
-- ============================================
INSERT INTO course (subject_id, professor_id, classroom, semester) VALUES
(1, 1, '공학관 101호', '2025-1'),  -- 자바 프로그래밍
(2, 2, '공학관 102호', '2025-1'),  -- 데이터베이스
(3, 3, '공학관 103호', '2025-1'),  -- 웹 프로그래밍
(4, 4, '공학관 104호', '2025-1'),  -- 운영체제
(5, 5, '공학관 105호', '2025-1'),  -- 컴퓨터 네트워크
(6, 6, '공학관 106호', '2025-1'),  -- 소프트웨어 공학
(7, 7, '공학관 107호', '2025-1');  -- 알고리즘

-- ============================================
-- 5. 강의 시간 정보 삽입
-- ============================================
INSERT INTO lecture_time (course_id, day_of_week, start_time, end_time) VALUES
-- 자바 프로그래밍: 월요일 09:00-12:00
(1, '월', '09:00', '12:00'),
-- 데이터베이스: 화요일 09:00-12:00
(2, '화', '09:00', '12:00'),
-- 웹 프로그래밍: 수요일 09:00-12:00
(3, '수', '09:00', '12:00'),
-- 운영체제: 목요일 09:00-12:00
(4, '목', '09:00', '12:00'),
-- 컴퓨터 네트워크: 금요일 09:00-12:00
(5, '금', '09:00', '12:00'),
-- 소프트웨어 공학: 월요일 13:00-16:00
(6, '월', '13:00', '16:00'),
-- 알고리즘: 화요일 13:00-16:00
(7, '화', '13:00', '16:00');

-- ============================================
-- 6. 학생 정보 삽입 (테스트용)
-- ============================================
-- C반 학생들 (요구사항에 C반 고정)
INSERT INTO student (student_id, class_id, password, name, department) VALUES
('202444085', 3, 'password123', '김철중', '컴퓨터 정보학과'),
('202444086', 3, 'password123', '이영희', '컴퓨터 정보학과'),
('202444087', 3, 'password123', '박민수', '컴퓨터 정보학과'),
('202444088', 3, 'password123', '최지영', '컴퓨터 정보학과');

-- ============================================
-- 7. 수강신청 정보 삽입 (202444085 학생이 모든 과목 수강)
-- ============================================
INSERT INTO enrollment (student_id, course_id) VALUES
('202444085', 1),  -- 자바 프로그래밍
('202444085', 2),  -- 데이터베이스
('202444085', 3),  -- 웹 프로그래밍
('202444085', 4),  -- 운영체제
('202444085', 5),  -- 컴퓨터 네트워크
('202444085', 6),  -- 소프트웨어 공학
('202444085', 7);  -- 알고리즘

-- 다른 학생들도 일부 과목 수강
INSERT INTO enrollment (student_id, course_id) VALUES
('202444086', 1),  -- 자바 프로그래밍
('202444086', 2),  -- 데이터베이스
('202444086', 3),  -- 웹 프로그래밍
('202444087', 1),  -- 자바 프로그래밍
('202444087', 4),  -- 운영체제
('202444088', 2),  -- 데이터베이스
('202444088', 3);  -- 웹 프로그래밍

-- ============================================
-- 8. 할일 정보 삽입
-- ============================================
INSERT INTO todo_list (student_id, enroll_id, custom_category, title, content, start_datetime, end_datetime, is_completed) VALUES
-- 과목 관련 할일 (enroll_id가 있음)
('202444085', 1, NULL, '자바 프로그래밍 과제 제출', 'Chapter 5 연습문제 풀기', '2025-01-15 14:00', '2025-01-20 23:59', FALSE),
('202444085', 1, NULL, '자바 프로젝트 설계', '팀 프로젝트 설계서 작성', '2025-01-18 09:00', '2025-01-25 18:00', FALSE),
('202444085', 2, NULL, '데이터베이스 ERD 작성', '데이터베이스 설계 ERD 그리기', '2025-01-16 10:00', '2025-01-22 17:00', TRUE),
('202444085', 3, NULL, '웹 프로그래밍 실습', 'HTML/CSS 실습 과제', '2025-01-17 13:00', '2025-01-23 23:59', FALSE),
('202444085', 4, NULL, '운영체제 시험 공부', 'Chapter 1-3 복습', '2025-01-19 09:00', '2025-01-26 18:00', FALSE),

-- 사용자 정의 카테고리 할일 (enroll_id가 NULL, custom_category 사용)
('202444085', NULL, '기타', '도서관 책 반납', '빌린 책 3권 반납하기', '2025-01-20 14:00', '2025-01-20 16:00', FALSE),
('202444085', NULL, '기타', '운동하기', '헬스장 가서 운동', '2025-01-21 18:00', '2025-01-21 20:00', FALSE),
('202444085', NULL, '개인', '친구 만나기', '친구와 점심 약속', '2025-01-22 12:00', '2025-01-22 14:00', TRUE),
('202444085', NULL, '기타', '장보기', '마트에서 장보기', '2025-01-23 10:00', NULL, FALSE),
('202444085', NULL, '개인', '독서', '책 읽기', NULL, NULL, FALSE),

-- 다른 학생의 할일
('202444086', 1, NULL, '자바 과제', '자바 프로그래밍 과제 제출', '2025-01-20 14:00', '2025-01-22 23:59', FALSE),
('202444087', 1, NULL, '자바 프로젝트', '프로젝트 진행', '2025-01-18 09:00', '2025-01-25 18:00', FALSE);

-- ============================================
-- 데이터 확인 쿼리
-- ============================================
-- SELECT * FROM class_info;
-- SELECT * FROM student;
-- SELECT * FROM professor;
-- SELECT * FROM subject;
-- SELECT * FROM course;
-- SELECT * FROM lecture_time;
-- SELECT * FROM enrollment;
-- SELECT * FROM todo_list;

